Albina,1436485813, /sum 5 6
»„Ó¸,175930623, /hi
»„Ó¸,175930623, /w_d
»„Ó¸,175930623, /w_d
»„Ó¸,175930623, /w_d
»„Ó¸,175930623, /w_d ‡·‚ 123‡·‚
»„Ó¸,175930623, /w_d ‡·‚ 123‡·‚
»„Ó¸,175930623, /w_d ‡·‚ 123‡·‚
»„Ó¸,175930623, /w_d ‡·‚ 123‡·‚ ghn
»„Ó¸,175930623, /w_d
»„Ó¸,175930623, /ran 1 2 3 4 5
»„Ó¸,175930623, /ran
»„Ó¸,175930623, /ran
»„Ó¸,175930623, /ran
»„Ó¸,175930623, /ran
–ú–∞—Ä–∏–Ω–∞,65421639, /hi
–ú–∞—Ä–∏–Ω–∞,65421639, /w_d
–ú–∞—Ä–∏–Ω–∞,65421639, /w_d
–ú–∞—Ä–∏–Ω–∞,65421639, /w_d
–ú–∞—Ä–∏–Ω–∞,65421639, /w_d
–ú–∞—Ä–∏–Ω–∞,65421639, /w_d
–ú–∞—Ä–∏–Ω–∞,65421639, /hi
–ú–∞—Ä–∏–Ω–∞,65421639, /time
–ú–∞—Ä–∏–Ω–∞,65421639, /sum
–ú–∞—Ä–∏–Ω–∞,65421639, /w_d
–ú–∞—Ä–∏–Ω–∞,65421639, /ran
–ú–∞—Ä–∏–Ω–∞,65421639, /sum
–ú–∞—Ä–∏–Ω–∞,65421639, /w_d
–ú–∞—Ä–∏–Ω–∞,65421639, /sum
–ú–∞—Ä–∏–Ω–∞,65421639, /ran
–ú–∞—Ä–∏–Ω–∞,65421639, /ran 2 3 4 5 6 7 8
–ú–∞—Ä–∏–Ω–∞,65421639, /sum 2 3
–ú–∞—Ä–∏–Ω–∞,65421639, /w_d abv –∞–±–≤ –∂–¥–ª–æ–≤–∞—Ñ–∞–±–≤ —Ñ—ã–¥–≤–ª–∞–æ–∞–±–≤
–í–ª–∞–¥–∏—Å–ª–∞–≤,945463969, /sum 99999999999999999999999999999999 -1
–ú–∞—Ä–∏–Ω–∞,65421639, /sum -1 0
–í–ª–∞–¥–∏—Å–ª–∞–≤,945463969, /sum 999999999999999999999999999999999999999999999999999999999999999999999999999999999999999999999999999999999999999999999999999999999999999999999999999999999999999999999999999999999999999999999999999999999999999999999999999999999999999999999999999999999999999999999999999999999999999999999999999999999999999999999999999999999999999999999999999999999999999999999999999999999999999999999999999999999999999999999999999999999999999999999999999999999999999999999999999999999999999999999999999999999999999999999999999999999999999999999999999999999999999999999999999999999999999999999999999999999999999999999999999999999999999999999999999999999999999999999999999999999999999999999999999999999999999999999999999999999999999999999999999999999999999999999999999999999999999999999999999999999999999999999999999999999999999999999999999999999999999999999999999999999999999999999999999999999999999999999999999999999999999999999999999999999999999999999999999999999999999999999999999999999999999999999999999999999999999999999999999999999999999999999999999999999999999999999999999999999999999999999999999999999999999999999999999999999999999999999999999999999999999999999999999999999999999999999999999999999999999999999999999999999999999999999999999999999999999999999999999999999999999999999999999999999999999999999999999999999999999999999999999999999999999999999999999999999999999999999999999999999999999999999999999999999999999999999999999999999999999999999999999999999999999999999999999999999999999999999999999999999999999999999999999999999999999999999999999999999999999999999999999999999999999999999999999999999999999999999999999999999999999999999999999999999999999999999999999999999999999999999999999999999999999999999999999999999999999999999999999999999999999999999999999999999999999999999999999999999999999999999999999999999999999999999999999999999999999999999999999999999999999999999999999999999999999999999999999999999999999999999999999999999999999999999999999999999999999999999999999999999999999999999999999999999999999999999999999999999999999999999999999999999999999999999999999999999999999999999999999999999999999999999999999999999999999999999999999999999999999999999999999999999999999999999999999999999999999999999999999999999999999999999999999999999999999999999999999999999999999999999999999999999999999999999999999999999999999999999999999999999999999999999999999999999999999999999999999999999999999999999999999999999999999999999999999999999999999999999999999999999999999999999999999999999999999999999999999999999999999999999999999999999999999999999999999999999999999999999999999999999999999999999999999999999999999999999999999999999999999999999999999999999999999999999999999999999999999999999999999999999999999999999999999999999999999999999999999999999999999999999999999999999999999999999999999999999999999999999999999999999999999999999999999999999999999999999999999999999999999999999999999999999999999999999999999999999999999999999999999999999999999999999999999999999999999999999999999999999999999999999999999999999999999999999999999999999999999999999999999999999999999999999999999999999999999999999999999999999999999999999999999999999999999999999999999999999999999999999999999999999999999999999999999999999999999999999999999999999999999999999999999999999999999999999999999999999999999999999999999999999999999999999999999999999999999999999999999999999999999999999999999999999999999999999999999999999999999999999999999999999999999999999999999999999999999999999999999999999999999999999999999999999999999999999999999999999999999999999999999999999999999999999999999999999999999999999999999999999999999999999999 9999999999999999999999999999999999999999999999999999999999999999999999999999999999999999999999999999999999999999999999999999999999999999999999999999999999999999999999999999999999999999999999999999999999999999999999999999999999999999999999999999999999999999999999999999999999999999999999999999999999999999999999999999999999999999999999999999999999999999999999999999999999999999999999999999999999999999999999999999999999999999999999999999999999999999999999999999999999999999999999999999999999
–í–ª–∞–¥–∏—Å–ª–∞–≤,945463969, /sum 1 q
–í–ª–∞–¥–∏—Å–ª–∞–≤,945463969, /sum 1 1
–í–ª–∞–¥–∏—Å–ª–∞–≤,945463969, /sum 999999999999999999999999999999999999999999999999999999999999999999999999999999999999999999999999999999999999999999999999999999999999999999999999999999999999999999999999999999999999999999999999999999999999999999999999999999999999999999999999999999999999999999999999999999999999999999999999999999999999999999999999999999999999999999999999999999999999999999999999999999999999999999999999999999999999999999999999999999999999999999999999999999999999999999999999999999999999999999999999999999999999999999999999999999999999999999999999999999999999999999999999999999999999999999999999999999999999999999999999999999999999999999999999999999999999999999999999999999999999999999999999999999999999999999999999999999999999999999999999999999999999999999999999999999999999999999999999999999999999999999999999999999999999999999999999999999999999999999999999999999999999999999999999999999999999999999999999999999999999999999999999999999999999999999999999999999999999999999999999999999999999999999999999999999999999999999999999999999999999999999999999999999999999999999999999999999999999999999999999999999999999999999999999999999999999999999999999999999999999999999999999999999999999999999999999999999999999999999999999999999999999999999999999999999999999999999999999999999999999999999999999999999999999999999999999999999999999999999999999999999999999999999999999999999999999999999999999999999999999999999999999999999999999999999999999999999999999999999999999999999999999999999999999999999999999999999999999999999999999999999999999999999999999999999999999999999999999999999999999999999999999999999999999999999999999999999999999999999999999999999999999999999999999999999999999999999999999999999999999999999999999999999999999999999999999999999999999999999999999999999999999999999999999999999999999999999999999999999999999999999999999999999999999999999999999999999999999999999999999999999999999999999999999999999999999999999999999999999999999999999999999999999999999999999999999999999999999999999999999999999999999999999999999999999999999999999999999999999999999999999999999999999999999999999999999999999999999999999999999999999999999999999999999999999999999999999999999999999999999999999999999999999999999999999999999999999999999999999999999999999999999999999999999999999999999999999999999999999999999999999999999999999999999999999999999999999999999999999999999999999999999999999999999999999999999999999999999999999999999999999999999999999999999999999999999999999999999999999999999999999999999999999999999999999999999999999999999999999999999999999999999999999999999999999999999999999999999999999999999999999999999999999999999999999999999999999999999999999999999999999999999999999999999999999999999999999999999999999999999999999999999999999999999999999999999999999999999999999999999999999999999999999999999999999999999999999999999999999999999999999999999999999999999999999999999999999999999999999999999999999999999999999999999999999999999999999999999999999999999999999999999999999999999999999999999999999999999999999999999999999999999999999999999999999999999999999999999999999999999999999999999999999999999999999999999999999999999999999999999999999999999999999999999999999999999999999999999999999999999999999999999999999999999999999999999999999999999999999999999999999999999999999999999999999999999999999999999999999999999999999999999999999999999999999999999999999999999999999999999999999999999999999999999999999999999999999999999999999999999999999999999999999999999999999999999999999999999999999999999999999999999999999999999999999999999999999999999999999999999999999999999999999999999999999999999999999999999999999999999 99999999999999999999999999999999999999999999999999999999999999999999999999999999999999999999999999999999999999999999999999999999999999999999999999999999999999999999999999999999999999999999999999999999999999999999999999999999999999999999999999999999999999999999999999999999999999999999999999999999999999999999999999999999999999999999999999999999999999999999999999999999999999999999999999999999999999999999999999999999999999999999999999999999999999999999999999999999999999999999999999999999 1
–í–ª–∞–¥–∏—Å–ª–∞–≤,945463969, /sum 0 0
–í–ª–∞–¥–∏—Å–ª–∞–≤,945463969, /sum 0 0 0
–í–ª–∞–¥–∏—Å–ª–∞–≤,945463969, /sum 0 a
–í–ª–∞–¥–∏—Å–ª–∞–≤,945463969, /sum 10000000000000000000 1
–í–ª–∞–¥–∏—Å–ª–∞–≤,945463969, /sum 99999999999999999999999999999999999999999999999999999999999999999999999999999999999999999999999999999999999999999999999999999999999999999999999999999999999999999999999999999999999999999999999999999999999999999999999999999999999999999999999999999999999999999999999999999999999999999999999999999999999999999999999999999999999999999999999999999999999999999999999999999999999999999999999999999999999999999999999999999999999999999999999999999999999999999999999999999999999999999999999999999999999999999999999999999999999999999999999999999999999999999999999999999999999999999999999999999999999999999999999999999999999999999999999999999999999999999999999999999999999999999999999999999999999999999999999999999999999999999999999999999999999999999999999999999999999999999999999999999999999999999999999999999999999999999999999999999999999999999999999999999999999999999999999999999999999999999999999999999999999999999999999999999999999999999999999999999999999999999999999999999999999999999999999999999999999999999999999999999999999999999999999999999999999999999999999999999999999999999999999999999999999999999999999999999999999999999999999999999999999999999999999999999999999999999999999999999999999999999999999999999999999999999999999999999999999999999999999999999999999999999999999999999999999999999999999999999999999999999999999999999999999999999999999999999999999999999999999999999999999999999999999999999999999999999999999999999999999999999999999999999999999999999999999999999999999999999999999999999999999999999999999999999999999999999999999999999999999999999999999999999999999999999999999999999999999999999999999999999999999999999999999999999999999999999999999999999999999999999999999999999999999999999999999999999999999999999999999999999999999999999999999999999999999999999999999999999999999999999999999999999999999999999999999999999999999999999999999999999999999999999999999999999999999999999999999999999999999999999999999999999999999999999999999999999999999999999999999999999999999999999999999999999999999999999999999999999999999999999999999999999999999999999999999999999999999999999999999999999999999999999999999999999999999999999999999999999999999999999999999999999999999999999999999999999999999999999999999999999999999999999999999999999999999999999999999999999999999999999999999999999999999999999999999999999999999999999999999999999999999999999999999999999999999999999999999999999999999999999999999999999999999999999999999999999999999999999999999999999999999999999999999999999999999999999999999999999999999999999999999999999999999999999999999999999999999999999999999999999999999999999999999999999999999999999999999999999999999999999999999999999999999999999999999999999999999999999999999999999999999999999999999999999999999999999999999999999999999999999999999999999999999999999999999999999999999999999999999999999999999999999999999999999999999999999999999999999999999999999999999999999999999999999999999999999999999999999999999999999999999999999999999999999999999999999999999999999999999999999999999999999999999999999999999999999999999999999999999999999999999999999999999999999999999999999999999999999999999999999999999999999999999999999999999999999999999999999999999999999999999999999999999999999999999999999999999999999999999999999999999999999999999999999999999999999999999999999999999999999999999999999999999999999999999999999999999999999999999999999999999999999999999999999999999999999999999999999999999999999999999999999999999999999999999999999999999999999999999999999999999999999999999999999999999999999999999999999999999999999999999999999999999999999999999999999999999999999999999999999999999999999999999999999999999999999999999999999999999999999999999999999999999999999999999999999999999999999999999999999999999999999999999999999999999999999999999999999999999999999999999999999999999999999999999999999999999999999999999999999999999999999999999999999999999999999999999999999999999999999999999999999999999999999999999999999999999999999999999999999999999999999999999999999999999999999999999999999999999999999999999999999999999999999999999999999999999999999999999999999999999999999999 1
Nikolaj Zh,79939711, /help
Nikolaj Zh,79939711, /time
Nikolaj Zh,79939711, /hi
–í–ª–∞–¥–∏—Å–ª–∞–≤,945463969, /help
–í–ª–∞–¥–∏—Å–ª–∞–≤,945463969, /hi
–í–ª–∞–¥–∏—Å–ª–∞–≤,945463969, /time
–í–ª–∞–¥–∏—Å–ª–∞–≤,945463969, /help
–í–ª–∞–¥–∏—Å–ª–∞–≤,945463969, /help
–í–ª–∞–¥–∏—Å–ª–∞–≤,945463969, /time
Nikolaj Zh,79939711, /ran 2 3 4 5 6
–í–ª–∞–¥–∏—Å–ª–∞–≤,945463969, /help
–í–ª–∞–¥–∏—Å–ª–∞–≤,945463969, /hi /time
–í–ª–∞–¥–∏—Å–ª–∞–≤,945463969, /help /help
–í–ª–∞–¥–∏—Å–ª–∞–≤,945463969, /help
–í–ª–∞–¥–∏—Å–ª–∞–≤,945463969, /help
Nikolaj Zh,79939711, /ran 2
Nikolaj Zh,79939711, /sum 5 6
Nikolaj Zh,79939711, /sum
Nikolaj Zh,79939711, /sum fdg df
Nikolaj Zh,79939711, /ran
Nikolaj Zh,79939711, /ran
–í–ª–∞–¥–∏—Å–ª–∞–≤,945463969, /help
–í–ª–∞–¥–∏—Å–ª–∞–≤,945463969, /help
–í–ª–∞–¥–∏—Å–ª–∞–≤,945463969, /help
–í–ª–∞–¥–∏—Å–ª–∞–≤,945463969, /help
–í–ª–∞–¥–∏—Å–ª–∞–≤,945463969, /help
–í–ª–∞–¥–∏—Å–ª–∞–≤,945463969, /help
–í–ª–∞–¥–∏—Å–ª–∞–≤,945463969, /help
–í–ª–∞–¥–∏—Å–ª–∞–≤,945463969, /help
–í–ª–∞–¥–∏—Å–ª–∞–≤,945463969, /help
–í–ª–∞–¥–∏—Å–ª–∞–≤,945463969, /help
–í–ª–∞–¥–∏—Å–ª–∞–≤,945463969, /help
–í–ª–∞–¥–∏—Å–ª–∞–≤,945463969, /help
–í–ª–∞–¥–∏—Å–ª–∞–≤,945463969, /help
–í–ª–∞–¥–∏—Å–ª–∞–≤,945463969, /help
–í–ª–∞–¥–∏—Å–ª–∞–≤,945463969, /help
–í–ª–∞–¥–∏—Å–ª–∞–≤,945463969, /help
–í–ª–∞–¥–∏—Å–ª–∞–≤,945463969, /help
–í–ª–∞–¥–∏—Å–ª–∞–≤,945463969, /help
–í–ª–∞–¥–∏—Å–ª–∞–≤,945463969, /help
–í–ª–∞–¥–∏—Å–ª–∞–≤,945463969, /help
–í–ª–∞–¥–∏—Å–ª–∞–≤,945463969, /help
–í–ª–∞–¥–∏—Å–ª–∞–≤,945463969, /help
–í–ª–∞–¥–∏—Å–ª–∞–≤,945463969, /help
–í–ª–∞–¥–∏—Å–ª–∞–≤,945463969, /help
–í–ª–∞–¥–∏—Å–ª–∞–≤,945463969, /help
–í–ª–∞–¥–∏—Å–ª–∞–≤,945463969, /help
–í–ª–∞–¥–∏—Å–ª–∞–≤,945463969, /help
–í–ª–∞–¥–∏—Å–ª–∞–≤,945463969, /help
–í–ª–∞–¥–∏—Å–ª–∞–≤,945463969, /help
–í–ª–∞–¥–∏—Å–ª–∞–≤,945463969, /help
–í–ª–∞–¥–∏—Å–ª–∞–≤,945463969, /help
–í–ª–∞–¥–∏—Å–ª–∞–≤,945463969, /help
–í–ª–∞–¥–∏—Å–ª–∞–≤,945463969, /help
–í–ª–∞–¥–∏—Å–ª–∞–≤,945463969, /help
–í–ª–∞–¥–∏—Å–ª–∞–≤,945463969, /help
–í–ª–∞–¥–∏—Å–ª–∞–≤,945463969, /help
–í–ª–∞–¥–∏—Å–ª–∞–≤,945463969, /help
–í–ª–∞–¥–∏—Å–ª–∞–≤,945463969, /help
–í–ª–∞–¥–∏—Å–ª–∞–≤,945463969, /help
–í–ª–∞–¥–∏—Å–ª–∞–≤,945463969, /help
–í–ª–∞–¥–∏—Å–ª–∞–≤,945463969, /help
–í–ª–∞–¥–∏—Å–ª–∞–≤,945463969, /help
–í–ª–∞–¥–∏—Å–ª–∞–≤,945463969, /help
–í–ª–∞–¥–∏—Å–ª–∞–≤,945463969, /help
–í–ª–∞–¥–∏—Å–ª–∞–≤,945463969, /help
–í–ª–∞–¥–∏—Å–ª–∞–≤,945463969, /help
–í–ª–∞–¥–∏—Å–ª–∞–≤,945463969, /help
–í–ª–∞–¥–∏—Å–ª–∞–≤,945463969, /help
–í–ª–∞–¥–∏—Å–ª–∞–≤,945463969, /help
–í–ª–∞–¥–∏—Å–ª–∞–≤,945463969, /help
–í–ª–∞–¥–∏—Å–ª–∞–≤,945463969, /help
–í–ª–∞–¥–∏—Å–ª–∞–≤,945463969, /help
–í–ª–∞–¥–∏—Å–ª–∞–≤,945463969, /help
–í–ª–∞–¥–∏—Å–ª–∞–≤,945463969, /help
–í–ª–∞–¥–∏—Å–ª–∞–≤,945463969, /help
–í–ª–∞–¥–∏—Å–ª–∞–≤,945463969, /help
–í–ª–∞–¥–∏—Å–ª–∞–≤,945463969, /help
–í–ª–∞–¥–∏—Å–ª–∞–≤,945463969, /help
–í–ª–∞–¥–∏—Å–ª–∞–≤,945463969, /help
–í–ª–∞–¥–∏—Å–ª–∞–≤,945463969, /help
–í–ª–∞–¥–∏—Å–ª–∞–≤,945463969, /help
–í–ª–∞–¥–∏—Å–ª–∞–≤,945463969, /help
–í–ª–∞–¥–∏—Å–ª–∞–≤,945463969, /help
–í–ª–∞–¥–∏—Å–ª–∞–≤,945463969, /help
–í–ª–∞–¥–∏—Å–ª–∞–≤,945463969, /help
–í–ª–∞–¥–∏—Å–ª–∞–≤,945463969, /help
–í–ª–∞–¥–∏—Å–ª–∞–≤,945463969, /help
–í–ª–∞–¥–∏—Å–ª–∞–≤,945463969, /help
–í–ª–∞–¥–∏—Å–ª–∞–≤,945463969, /help
–í–ª–∞–¥–∏—Å–ª–∞–≤,945463969, /help
–í–ª–∞–¥–∏—Å–ª–∞–≤,945463969, /help
–í–ª–∞–¥–∏—Å–ª–∞–≤,945463969, /help
–í–ª–∞–¥–∏—Å–ª–∞–≤,945463969, /help
–í–ª–∞–¥–∏—Å–ª–∞–≤,945463969, /help
–í–ª–∞–¥–∏—Å–ª–∞–≤,945463969, /help
–í–ª–∞–¥–∏—Å–ª–∞–≤,945463969, /help
–í–ª–∞–¥–∏—Å–ª–∞–≤,945463969, /help
–í–ª–∞–¥–∏—Å–ª–∞–≤,945463969, /help
–í–ª–∞–¥–∏—Å–ª–∞–≤,945463969, /help
–í–ª–∞–¥–∏—Å–ª–∞–≤,945463969, /help
–í–ª–∞–¥–∏—Å–ª–∞–≤,945463969, /help
–í–ª–∞–¥–∏—Å–ª–∞–≤,945463969, /help
–í–ª–∞–¥–∏—Å–ª–∞–≤,945463969, /help
–í–ª–∞–¥–∏—Å–ª–∞–≤,945463969, /help
–í–ª–∞–¥–∏—Å–ª–∞–≤,945463969, /help
–í–ª–∞–¥–∏—Å–ª–∞–≤,945463969, /help
–í–ª–∞–¥–∏—Å–ª–∞–≤,945463969, /help
–í–ª–∞–¥–∏—Å–ª–∞–≤,945463969, /help
–í–ª–∞–¥–∏—Å–ª–∞–≤,945463969, /help
–í–ª–∞–¥–∏—Å–ª–∞–≤,945463969, /help
–í–ª–∞–¥–∏—Å–ª–∞–≤,945463969, /help
–í–ª–∞–¥–∏—Å–ª–∞–≤,945463969, /help
–í–ª–∞–¥–∏—Å–ª–∞–≤,945463969, /help
–í–ª–∞–¥–∏—Å–ª–∞–≤,945463969, /help
–í–ª–∞–¥–∏—Å–ª–∞–≤,945463969, /help
–í–ª–∞–¥–∏—Å–ª–∞–≤,945463969, /help
–í–ª–∞–¥–∏—Å–ª–∞–≤,945463969, /help
–í–ª–∞–¥–∏—Å–ª–∞–≤,945463969, /help
–í–ª–∞–¥–∏—Å–ª–∞–≤,945463969, /help
–í–ª–∞–¥–∏—Å–ª–∞–≤,945463969, /help
–í–ª–∞–¥–∏—Å–ª–∞–≤,945463969, /help
–í–ª–∞–¥–∏—Å–ª–∞–≤,945463969, /help
–í–ª–∞–¥–∏—Å–ª–∞–≤,945463969, /help
–í–ª–∞–¥–∏—Å–ª–∞–≤,945463969, /help
–í–ª–∞–¥–∏—Å–ª–∞–≤,945463969, /help
–í–ª–∞–¥–∏—Å–ª–∞–≤,945463969, /help
–í–ª–∞–¥–∏—Å–ª–∞–≤,945463969, /help
–í–ª–∞–¥–∏—Å–ª–∞–≤,945463969, /help
–í–ª–∞–¥–∏—Å–ª–∞–≤,945463969, /help
–í–ª–∞–¥–∏—Å–ª–∞–≤,945463969, /help
–í–ª–∞–¥–∏—Å–ª–∞–≤,945463969, /help
–í–ª–∞–¥–∏—Å–ª–∞–≤,945463969, /help
–í–ª–∞–¥–∏—Å–ª–∞–≤,945463969, /help
–í–ª–∞–¥–∏—Å–ª–∞–≤,945463969, /help
–í–ª–∞–¥–∏—Å–ª–∞–≤,945463969, /help
–í–ª–∞–¥–∏—Å–ª–∞–≤,945463969, /help
–í–ª–∞–¥–∏—Å–ª–∞–≤,945463969, /help
–í–ª–∞–¥–∏—Å–ª–∞–≤,945463969, /help
–í–ª–∞–¥–∏—Å–ª–∞–≤,945463969, /help
–í–ª–∞–¥–∏—Å–ª–∞–≤,945463969, /help
–í–ª–∞–¥–∏—Å–ª–∞–≤,945463969, /help
–í–ª–∞–¥–∏—Å–ª–∞–≤,945463969, /help
–í–ª–∞–¥–∏—Å–ª–∞–≤,945463969, /help
–í–ª–∞–¥–∏—Å–ª–∞–≤,945463969, /help
–í–ª–∞–¥–∏—Å–ª–∞–≤,945463969, /help
–í–ª–∞–¥–∏—Å–ª–∞–≤,945463969, /help
–í–ª–∞–¥–∏—Å–ª–∞–≤,945463969, /help
–í–ª–∞–¥–∏—Å–ª–∞–≤,945463969, /help
–í–ª–∞–¥–∏—Å–ª–∞–≤,945463969, /help
–í–ª–∞–¥–∏—Å–ª–∞–≤,945463969, /help
–í–ª–∞–¥–∏—Å–ª–∞–≤,945463969, /help
–í–ª–∞–¥–∏—Å–ª–∞–≤,945463969, /help
–í–ª–∞–¥–∏—Å–ª–∞–≤,945463969, /help
–í–ª–∞–¥–∏—Å–ª–∞–≤,945463969, /help
–í–ª–∞–¥–∏—Å–ª–∞–≤,945463969, /help
–í–ª–∞–¥–∏—Å–ª–∞–≤,945463969, /help
–í–ª–∞–¥–∏—Å–ª–∞–≤,945463969, /help
–í–ª–∞–¥–∏—Å–ª–∞–≤,945463969, /help
–í–ª–∞–¥–∏—Å–ª–∞–≤,945463969, /help
–í–ª–∞–¥–∏—Å–ª–∞–≤,945463969, /help
–í–ª–∞–¥–∏—Å–ª–∞–≤,945463969, /help
–í–ª–∞–¥–∏—Å–ª–∞–≤,945463969, /help
–í–ª–∞–¥–∏—Å–ª–∞–≤,945463969, /help
–í–ª–∞–¥–∏—Å–ª–∞–≤,945463969, /help
–í–ª–∞–¥–∏—Å–ª–∞–≤,945463969, /help
–í–ª–∞–¥–∏—Å–ª–∞–≤,945463969, /help
–í–ª–∞–¥–∏—Å–ª–∞–≤,945463969, /help
–í–ª–∞–¥–∏—Å–ª–∞–≤,945463969, /help
–í–ª–∞–¥–∏—Å–ª–∞–≤,945463969, /help
–í–ª–∞–¥–∏—Å–ª–∞–≤,945463969, /help
–í–ª–∞–¥–∏—Å–ª–∞–≤,945463969, /help
–í–ª–∞–¥–∏—Å–ª–∞–≤,945463969, /help
–í–ª–∞–¥–∏—Å–ª–∞–≤,945463969, /help
–í–ª–∞–¥–∏—Å–ª–∞–≤,945463969, /help
–í–ª–∞–¥–∏—Å–ª–∞–≤,945463969, /help
–í–ª–∞–¥–∏—Å–ª–∞–≤,945463969, /help
–í–ª–∞–¥–∏—Å–ª–∞–≤,945463969, /help
–í–ª–∞–¥–∏—Å–ª–∞–≤,945463969, /help
–í–ª–∞–¥–∏—Å–ª–∞–≤,945463969, /help
–í–ª–∞–¥–∏—Å–ª–∞–≤,945463969, /help
–í–ª–∞–¥–∏—Å–ª–∞–≤,945463969, /help
–í–ª–∞–¥–∏—Å–ª–∞–≤,945463969, /help
–í–ª–∞–¥–∏—Å–ª–∞–≤,945463969, /help
–í–ª–∞–¥–∏—Å–ª–∞–≤,945463969, /help
–í–ª–∞–¥–∏—Å–ª–∞–≤,945463969, /help
–í–ª–∞–¥–∏—Å–ª–∞–≤,945463969, /help
–í–ª–∞–¥–∏—Å–ª–∞–≤,945463969, /help
–í–ª–∞–¥–∏—Å–ª–∞–≤,945463969, /help
–í–ª–∞–¥–∏—Å–ª–∞–≤,945463969, /help
–í–ª–∞–¥–∏—Å–ª–∞–≤,945463969, /help
–í–ª–∞–¥–∏—Å–ª–∞–≤,945463969, /help
–í–ª–∞–¥–∏—Å–ª–∞–≤,945463969, /help
–í–ª–∞–¥–∏—Å–ª–∞–≤,945463969, /help
–í–ª–∞–¥–∏—Å–ª–∞–≤,945463969, /help
–í–ª–∞–¥–∏—Å–ª–∞–≤,945463969, /help
–í–ª–∞–¥–∏—Å–ª–∞–≤,945463969, /help
–í–ª–∞–¥–∏—Å–ª–∞–≤,945463969, /help
–í–ª–∞–¥–∏—Å–ª–∞–≤,945463969, /help
–í–ª–∞–¥–∏—Å–ª–∞–≤,945463969, /help
–í–ª–∞–¥–∏—Å–ª–∞–≤,945463969, /help
–í–ª–∞–¥–∏—Å–ª–∞–≤,945463969, /help
–í–ª–∞–¥–∏—Å–ª–∞–≤,945463969, /help
–í–ª–∞–¥–∏—Å–ª–∞–≤,945463969, /help
–í–ª–∞–¥–∏—Å–ª–∞–≤,945463969, /help
–í–ª–∞–¥–∏—Å–ª–∞–≤,945463969, /help
–í–ª–∞–¥–∏—Å–ª–∞–≤,945463969, /help
–í–ª–∞–¥–∏—Å–ª–∞–≤,945463969, /help
–í–ª–∞–¥–∏—Å–ª–∞–≤,945463969, /help
–í–ª–∞–¥–∏—Å–ª–∞–≤,945463969, /help
–í–ª–∞–¥–∏—Å–ª–∞–≤,945463969, /help
–í–ª–∞–¥–∏—Å–ª–∞–≤,945463969, /help
–í–ª–∞–¥–∏—Å–ª–∞–≤,945463969, /help
–í–ª–∞–¥–∏—Å–ª–∞–≤,945463969, /help
–í–ª–∞–¥–∏—Å–ª–∞–≤,945463969, /help
–í–ª–∞–¥–∏—Å–ª–∞–≤,945463969, /help
–í–ª–∞–¥–∏—Å–ª–∞–≤,945463969, /help
–í–ª–∞–¥–∏—Å–ª–∞–≤,945463969, /help
–í–ª–∞–¥–∏—Å–ª–∞–≤,945463969, /help
–í–ª–∞–¥–∏—Å–ª–∞–≤,945463969, /help
–í–ª–∞–¥–∏—Å–ª–∞–≤,945463969, /help
–í–ª–∞–¥–∏—Å–ª–∞–≤,945463969, /help
–í–ª–∞–¥–∏—Å–ª–∞–≤,945463969, /help
–í–ª–∞–¥–∏—Å–ª–∞–≤,945463969, /help
–í–ª–∞–¥–∏—Å–ª–∞–≤,945463969, /help
–í–ª–∞–¥–∏—Å–ª–∞–≤,945463969, /help
–í–ª–∞–¥–∏—Å–ª–∞–≤,945463969, /help
–í–ª–∞–¥–∏—Å–ª–∞–≤,945463969, /help
–í–ª–∞–¥–∏—Å–ª–∞–≤,945463969, /help
–ú–∞—Ä–∏–Ω–∞,65421639, /help
–ú–∞—Ä–∏–Ω–∞,65421639, /help
–ú–∞—Ä–∏–Ω–∞,65421639, /time
–ú–∞—Ä–∏–Ω–∞,65421639, /help
